,feature_name,infomation_gain
6,기초생활수급자_per,28.03940617765227
7,노인_per,16.129925581791433
1,2분위소득가구비율(%),10.243962364236946
12,장애인_per,9.802461662926556
2,3분위소득가구비율(%),7.807659501725034
3,4분위소득가구비율(%),7.678923132667678
11,인구밀도(명/km²),6.536398564319554
9,배수등급양호비율,5.4476795351157605
16,하천까지의거리(중심),3.1637155143124254
0,1분위소득가구비율(%),2.700453468542797
15,평균경사도(%),2.4494144967095517
10,수문,0.0
5,기초생활수급자+65세이상_per,0.0
4,5분위소득가구비율(%),0.0
13,제방,0.0
14,추정면적당시우량(연간),0.0
8,도로율,0.0
